Sti,Filnavn,Status,Notater
"content/altinn-studio/v8/repos/_index.en.md","_index.en.md","",""
"content/altinn-studio/v8/repos/_index.nb.md","_index.nb.md","",""
"content/altinn-studio/v8/repos/structure/ServiceModel/_index.en.md","_index.en.md","",""
"content/altinn-studio/v8/repos/structure/ServiceModel/_index.nb.md","_index.nb.md","",""
"content/altinn-studio/v8/repos/structure/ServiceMetadata/_index.en.md","_index.en.md","",""
"content/altinn-studio/v8/repos/structure/ServiceMetadata/_index.nb.md","_index.nb.md","",""
"content/altinn-studio/v8/repos/structure/InstantiationHandler/_index.en.md","_index.en.md","",""
"content/altinn-studio/v8/repos/structure/InstantiationHandler/_index.nb.md","_index.nb.md","",""
"content/altinn-studio/v8/repos/structure/ValidationHandler/_index.en.md","_index.en.md","",""
"content/altinn-studio/v8/repos/structure/ValidationHandler/_index.nb.md","_index.nb.md","",""
"content/altinn-studio/v8/repos/structure/application-metadata/_index.en.md","_index.en.md","",""
"content/altinn-studio/v8/repos/structure/application-metadata/_index.nb.md","_index.nb.md","",""
"content/altinn-studio/v8/repos/structure/reactapp/_index.en.md","_index.en.md","",""
"content/altinn-studio/v8/repos/structure/reactapp/_index.nb.md","_index.nb.md","",""
"content/altinn-studio/v8/repos/structure/app-csproj/_index.en.md","_index.en.md","",""
"content/altinn-studio/v8/repos/structure/app-csproj/_index.nb.md","_index.nb.md","",""
"content/altinn-studio/v8/repos/structure/form-layout/_index.en.md","_index.en.md","",""
"content/altinn-studio/v8/repos/structure/form-layout/_index.nb.md","_index.nb.md","",""
"content/altinn-studio/v8/repos/structure/ServiceImplementation/_index.en.md","_index.en.md","",""
"content/altinn-studio/v8/repos/structure/ServiceImplementation/_index.nb.md","_index.nb.md","",""
"content/altinn-studio/v8/repos/structure/rule-handler/_index.en.md","_index.en.md","",""
"content/altinn-studio/v8/repos/structure/rule-handler/_index.nb.md","_index.nb.md","",""
"content/altinn-studio/v8/repos/structure/_index.en.md","_index.en.md","",""
"content/altinn-studio/v8/repos/structure/ServiceModelXsd/_index.en.md","_index.en.md","",""
"content/altinn-studio/v8/repos/structure/ServiceModelXsd/_index.nb.md","_index.nb.md","",""
"content/altinn-studio/v8/repos/structure/_index.nb.md","_index.nb.md","",""
"content/altinn-studio/v8/repos/structure/service-configurations/_index.en.md","_index.en.md","",""
"content/altinn-studio/v8/repos/structure/service-configurations/_index.nb.md","_index.nb.md","",""
"content/altinn-studio/v8/repos/functional/_index.en.md","_index.en.md","",""
"content/altinn-studio/v8/repos/functional/_index.nb.md","_index.nb.md","",""
"content/altinn-studio/v8/about/_index.en.md","_index.en.md","",""
"content/altinn-studio/v8/about/_index.nb.md","_index.nb.md","",""
"content/altinn-studio/v8/about/usecases/_index.en.md","_index.en.md","",""
"content/altinn-studio/v8/about/usecases/_index.nb.md","_index.nb.md","",""
"content/altinn-studio/v8/_index.en.md","_index.en.md","",""
"content/altinn-studio/v8/getting-started/app-dev-course/modul4/_index.en.md","_index.en.md","",""
"content/altinn-studio/v8/getting-started/app-dev-course/modul4/_index.nb.md","_index.nb.md","",""
"content/altinn-studio/v8/getting-started/app-dev-course/modul3/_index.en.md","_index.en.md","",""
"content/altinn-studio/v8/getting-started/app-dev-course/modul3/_index.nb.md","_index.nb.md","",""
"content/altinn-studio/v8/getting-started/app-dev-course/modul2/_index.en.md","_index.en.md","",""
"content/altinn-studio/v8/getting-started/app-dev-course/modul2/_index.nb.md","_index.nb.md","",""
"content/altinn-studio/v8/getting-started/app-dev-course/modul5/_index.en.md","_index.en.md","",""
"content/altinn-studio/v8/getting-started/app-dev-course/modul5/_index.nb.md","_index.nb.md","",""
"content/altinn-studio/v8/getting-started/app-dev-course/_index.en.md","_index.en.md","",""
"content/altinn-studio/v8/getting-started/app-dev-course/case/_index.en.md","_index.en.md","",""
"content/altinn-studio/v8/getting-started/app-dev-course/case/_index.nb.md","_index.nb.md","",""
"content/altinn-studio/v8/getting-started/app-dev-course/_index.nb.md","_index.nb.md","",""
"content/altinn-studio/v8/getting-started/app-dev-course/modul7/_index.en.md","_index.en.md","",""
"content/altinn-studio/v8/getting-started/app-dev-course/modul7/_index.nb.md","_index.nb.md","",""
"content/altinn-studio/v8/getting-started/app-dev-course/modul6/_index.en.md","_index.en.md","",""
"content/altinn-studio/v8/getting-started/app-dev-course/modul6/_index.nb.md","_index.nb.md","",""
"content/altinn-studio/v8/getting-started/app-dev-course/modul1/_index.en.md","_index.en.md","",""
"content/altinn-studio/v8/getting-started/app-dev-course/modul1/_index.nb.md","_index.nb.md","",""
"content/altinn-studio/v8/getting-started/app-dev-course/authorization-rules/_index.en.md","_index.en.md","",""
"content/altinn-studio/v8/getting-started/app-dev-course/authorization-rules/_index.nb.md","_index.nb.md","",""
"content/altinn-studio/v8/getting-started/app-dev-course/losningsforslag/_index.en.md","_index.en.md","",""
"content/altinn-studio/v8/getting-started/app-dev-course/losningsforslag/_index.nb.md","_index.nb.md","",""
"content/altinn-studio/v8/getting-started/navigation/repos/_index.en.md","_index.en.md","",""
"content/altinn-studio/v8/getting-started/navigation/repos/_index.nb.md","_index.nb.md","",""
"content/altinn-studio/v8/getting-started/navigation/dashboard/_index.en.md","_index.en.md","",""
"content/altinn-studio/v8/getting-started/navigation/dashboard/_index.nb.md","_index.nb.md","",""
"content/altinn-studio/v8/getting-started/navigation/_index.en.md","_index.en.md","",""
"content/altinn-studio/v8/getting-started/navigation/designer/_index.en.md","_index.en.md","",""
"content/altinn-studio/v8/getting-started/navigation/designer/_index.nb.md","_index.nb.md","",""
"content/altinn-studio/v8/getting-started/navigation/_index.nb.md","_index.nb.md","",""
"content/altinn-studio/v8/getting-started/create-user/_index.en.md","_index.en.md","",""
"content/altinn-studio/v8/getting-started/create-user/_index.nb.md","_index.nb.md","",""
"content/altinn-studio/v8/getting-started/_index.en.md","_index.en.md","",""
"content/altinn-studio/v8/getting-started/_index.nb.md","_index.nb.md","",""
"content/altinn-studio/v8/news/_index.en.md","_index.en.md","",""
"content/altinn-studio/v8/news/launched-apps/digdir/bli-tjenesteeier/_index.en.md","_index.en.md","",""
"content/altinn-studio/v8/news/launched-apps/digdir/bli-tjenesteeier/_index.nb.md","_index.nb.md","",""
"content/altinn-studio/v8/news/launched-apps/digdir/godkjenn-bruksvilkaar/_index.en.md","_index.en.md","",""
"content/altinn-studio/v8/news/launched-apps/digdir/godkjenn-bruksvilkaar/_index.nb.md","_index.nb.md","",""
"content/altinn-studio/v8/news/launched-apps/digdir/be-om-api-nokkel/_index.en.md","_index.en.md","",""
"content/altinn-studio/v8/news/launched-apps/digdir/be-om-api-nokkel/_index.nb.md","_index.nb.md","",""
"content/altinn-studio/v8/news/launched-apps/digdir/_index.en.md","_index.en.md","",""
"content/altinn-studio/v8/news/launched-apps/digdir/_index.nb.md","_index.nb.md","",""
"content/altinn-studio/v8/news/launched-apps/_index.en.md","_index.en.md","",""
"content/altinn-studio/v8/news/launched-apps/_index.nb.md","_index.nb.md","",""
"content/altinn-studio/v8/news/launched-apps/external/_index.en.md","_index.en.md","",""
"content/altinn-studio/v8/news/launched-apps/external/_index.nb.md","_index.nb.md","",""
"content/altinn-studio/v8/news/_index.nb.md","_index.nb.md","",""
"content/altinn-studio/v8/news/upcoming/_index.en.md","_index.en.md","",""
"content/altinn-studio/v8/news/upcoming/_index.nb.md","_index.nb.md","",""
"content/altinn-studio/v8/news/delivered/_index.en.md","_index.en.md","",""
"content/altinn-studio/v8/news/delivered/_index.nb.md","_index.nb.md","",""
"content/altinn-studio/v8/guides/design/usertest/_index.en.md","_index.en.md","",""
"content/altinn-studio/v8/guides/design/usertest/_index.nb.md","_index.nb.md","",""
"content/altinn-studio/v8/guides/design/insight/_index.en.md","_index.en.md","",""
"content/altinn-studio/v8/guides/design/insight/_index.nb.md","_index.nb.md","",""
"content/altinn-studio/v8/guides/design/prototype/_index.en.md","_index.en.md","",""
"content/altinn-studio/v8/guides/design/prototype/_index.nb.md","_index.nb.md","",""
"content/altinn-studio/v8/guides/design/_index.en.md","_index.en.md","",""
"content/altinn-studio/v8/guides/design/_index.nb.md","_index.nb.md","",""
"content/altinn-studio/v8/guides/design/guidelines/link-to-app/_index.en.md","_index.en.md","",""
"content/altinn-studio/v8/guides/design/guidelines/link-to-app/_index.nb.md","_index.nb.md","",""
"content/altinn-studio/v8/guides/design/guidelines/design-principles/_index.en.md","_index.en.md","",""
"content/altinn-studio/v8/guides/design/guidelines/design-principles/_index.nb.md","_index.nb.md","",""
"content/altinn-studio/v8/guides/design/guidelines/wcag/_index.en.md","_index.en.md","",""
"content/altinn-studio/v8/guides/design/guidelines/wcag/_index.nb.md","_index.nb.md","",""
"content/altinn-studio/v8/guides/design/guidelines/content/_index.en.md","_index.en.md","",""
"content/altinn-studio/v8/guides/design/guidelines/content/_index.nb.md","_index.nb.md","",""
"content/altinn-studio/v8/guides/design/guidelines/consistency/_index.en.md","_index.en.md","",""
"content/altinn-studio/v8/guides/design/guidelines/consistency/_index.nb.md","_index.nb.md","",""
"content/altinn-studio/v8/guides/design/guidelines/components/dropdown/_index.en.md","_index.en.md","",""
"content/altinn-studio/v8/guides/design/guidelines/components/dropdown/_index.nb.md","_index.nb.md","",""
"content/altinn-studio/v8/guides/design/guidelines/components/helptext/_index.en.md","_index.en.md","",""
"content/altinn-studio/v8/guides/design/guidelines/components/helptext/_index.nb.md","_index.nb.md","",""
"content/altinn-studio/v8/guides/design/guidelines/components/radiobutton/_index.en.md","_index.en.md","",""
"content/altinn-studio/v8/guides/design/guidelines/components/radiobutton/_index.nb.md","_index.nb.md","",""
"content/altinn-studio/v8/guides/design/guidelines/components/input/_index.en.md","_index.en.md","",""
"content/altinn-studio/v8/guides/design/guidelines/components/input/_index.nb.md","_index.nb.md","",""
"content/altinn-studio/v8/guides/design/guidelines/components/date/_index.en.md","_index.en.md","",""
"content/altinn-studio/v8/guides/design/guidelines/components/date/_index.nb.md","_index.nb.md","",""
"content/altinn-studio/v8/guides/design/guidelines/components/checkbox/_index.en.md","_index.en.md","",""
"content/altinn-studio/v8/guides/design/guidelines/components/checkbox/_index.nb.md","_index.nb.md","",""
"content/altinn-studio/v8/guides/design/guidelines/components/error-message/_index.en.md","_index.en.md","",""
"content/altinn-studio/v8/guides/design/guidelines/components/error-message/_index.nb.md","_index.nb.md","",""
"content/altinn-studio/v8/guides/design/guidelines/components/title-and-paragraph/_index.en.md","_index.en.md","",""
"content/altinn-studio/v8/guides/design/guidelines/components/title-and-paragraph/_index.nb.md","_index.nb.md","",""
"content/altinn-studio/v8/guides/design/guidelines/components/_index.en.md","_index.en.md","",""
"content/altinn-studio/v8/guides/design/guidelines/components/button/_index.en.md","_index.en.md","",""
"content/altinn-studio/v8/guides/design/guidelines/components/button/_index.nb.md","_index.nb.md","",""
"content/altinn-studio/v8/guides/design/guidelines/components/file-upload/_index.en.md","_index.en.md","",""
"content/altinn-studio/v8/guides/design/guidelines/components/file-upload/_index.nb.md","_index.nb.md","",""
"content/altinn-studio/v8/guides/design/guidelines/components/_index.nb.md","_index.nb.md","",""
"content/altinn-studio/v8/guides/design/guidelines/components/picture-component/_index.en.md","_index.en.md","",""
"content/altinn-studio/v8/guides/design/guidelines/components/picture-component/_index.nb.md","_index.nb.md","",""
"content/altinn-studio/v8/guides/design/guidelines/_index.en.md","_index.en.md","",""
"content/altinn-studio/v8/guides/design/guidelines/_index.nb.md","_index.nb.md","",""
"content/altinn-studio/v8/guides/design/guidelines/tone-of-voice/_index.en.md","_index.en.md","",""
"content/altinn-studio/v8/guides/design/guidelines/tone-of-voice/_index.nb.md","_index.nb.md","",""
"content/altinn-studio/v8/guides/development/options/functionality/data-binding/_index.en.md","_index.en.md","",""
"content/altinn-studio/v8/guides/development/options/functionality/data-binding/_index.nb.md","_index.nb.md","",""
"content/altinn-studio/v8/guides/development/options/functionality/filtering/_index.en.md","_index.en.md","",""
"content/altinn-studio/v8/guides/development/options/functionality/filtering/_index.nb.md","_index.nb.md","",""
"content/altinn-studio/v8/guides/development/options/functionality/preselection/_index.en.md","_index.en.md","",""
"content/altinn-studio/v8/guides/development/options/functionality/preselection/_index.nb.md","_index.nb.md","",""
"content/altinn-studio/v8/guides/development/options/functionality/_index.en.md","_index.en.md","",""
"content/altinn-studio/v8/guides/development/options/functionality/texts/_index.en.md","_index.en.md","",""
"content/altinn-studio/v8/guides/development/options/functionality/texts/_index.nb.md","_index.nb.md","",""
"content/altinn-studio/v8/guides/development/options/functionality/sorting/_index.en.md","_index.en.md","",""
"content/altinn-studio/v8/guides/development/options/functionality/sorting/_index.nb.md","_index.nb.md","",""
"content/altinn-studio/v8/guides/development/options/functionality/_index.nb.md","_index.nb.md","",""
"content/altinn-studio/v8/guides/development/options/functionality/automatic-cleanup/_index.en.md","_index.en.md","",""
"content/altinn-studio/v8/guides/development/options/functionality/automatic-cleanup/_index.nb.md","_index.nb.md","",""
"content/altinn-studio/v8/guides/development/options/_index.en.md","_index.en.md","",""
"content/altinn-studio/v8/guides/development/options/sources/altinn2/_index.en.md","_index.en.md","",""
"content/altinn-studio/v8/guides/development/options/sources/altinn2/_index.nb.md","_index.nb.md","",""
"content/altinn-studio/v8/guides/development/options/sources/dynamic/_index.en.md","_index.en.md","",""
"content/altinn-studio/v8/guides/development/options/sources/dynamic/_index.nb.md","_index.nb.md","",""
"content/altinn-studio/v8/guides/development/options/sources/from-data-model/_index.en.md","_index.en.md","",""
"content/altinn-studio/v8/guides/development/options/sources/from-data-model/_index.nb.md","_index.nb.md","",""
"content/altinn-studio/v8/guides/development/options/sources/shared/_index.en.md","_index.en.md","",""
"content/altinn-studio/v8/guides/development/options/sources/shared/_index.nb.md","_index.nb.md","",""
"content/altinn-studio/v8/guides/development/options/sources/_index.en.md","_index.en.md","",""
"content/altinn-studio/v8/guides/development/options/sources/static/_index.en.md","_index.en.md","",""
"content/altinn-studio/v8/guides/development/options/sources/static/_index.nb.md","_index.nb.md","",""
"content/altinn-studio/v8/guides/development/options/sources/_index.nb.md","_index.nb.md","",""
"content/altinn-studio/v8/guides/development/options/_index.nb.md","_index.nb.md","",""
"content/altinn-studio/v8/guides/development/dynamics/_index.en.md","_index.en.md","",""
"content/altinn-studio/v8/guides/development/dynamics/_index.nb.md","_index.nb.md","",""
"content/altinn-studio/v8/guides/development/signing/runtime-delegated-signing/intro.en.md","intro.en.md","",""
"content/altinn-studio/v8/guides/development/signing/runtime-delegated-signing/backend-manual/configure-layouts.nb.md","configure-layouts.nb.md","",""
"content/altinn-studio/v8/guides/development/signing/runtime-delegated-signing/backend-manual/configure-layouts-code-02.en.md","configure-layouts-code-02.en.md","",""
"content/altinn-studio/v8/guides/development/signing/runtime-delegated-signing/backend-manual/setup-text-resources.nb.md","setup-text-resources.nb.md","",""
"content/altinn-studio/v8/guides/development/signing/runtime-delegated-signing/backend-manual/communication-config.nb.md","communication-config.nb.md","",""
"content/altinn-studio/v8/guides/development/signing/runtime-delegated-signing/backend-manual/custom-validation.en.md","custom-validation.en.md","",""
"content/altinn-studio/v8/guides/development/signing/runtime-delegated-signing/backend-manual/signee-provider-code.en.md","signee-provider-code.en.md","",""
"content/altinn-studio/v8/guides/development/signing/runtime-delegated-signing/backend-manual/add-process-task-environments.en.md","add-process-task-environments.en.md","",""
"content/altinn-studio/v8/guides/development/signing/runtime-delegated-signing/backend-manual/signee-provider.en.md","signee-provider.en.md","",""
"content/altinn-studio/v8/guides/development/signing/runtime-delegated-signing/backend-manual/configure-layouts-code-03.en.md","configure-layouts-code-03.en.md","",""
"content/altinn-studio/v8/guides/development/signing/runtime-delegated-signing/backend-manual/setup-text-resources.en.md","setup-text-resources.en.md","",""
"content/altinn-studio/v8/guides/development/signing/runtime-delegated-signing/backend-manual/communication-config.en.md","communication-config.en.md","",""
"content/altinn-studio/v8/guides/development/signing/runtime-delegated-signing/backend-manual/configure-layouts.en.md","configure-layouts.en.md","",""
"content/altinn-studio/v8/guides/development/signing/runtime-delegated-signing/backend-manual/configure-layouts-code-01.en.md","configure-layouts-code-01.en.md","",""
"content/altinn-studio/v8/guides/development/signing/runtime-delegated-signing/backend-manual/signee-provider.nb.md","signee-provider.nb.md","",""
"content/altinn-studio/v8/guides/development/signing/runtime-delegated-signing/backend-manual/add-process-task-environments.nb.md","add-process-task-environments.nb.md","",""
"content/altinn-studio/v8/guides/development/signing/runtime-delegated-signing/backend-manual/custom-validation-code.en.md","custom-validation-code.en.md","",""
"content/altinn-studio/v8/guides/development/signing/runtime-delegated-signing/backend-manual/custom-validation.nb.md","custom-validation.nb.md","",""
"content/altinn-studio/v8/guides/development/signing/runtime-delegated-signing/backend-manual/communication-config-code.en.md","communication-config-code.en.md","",""
"content/altinn-studio/v8/guides/development/signing/runtime-delegated-signing/backend-manual/add-process-task-code-03.en.md","add-process-task-code-03.en.md","",""
"content/altinn-studio/v8/guides/development/signing/runtime-delegated-signing/backend-manual/add-process-task-code-01.en.md","add-process-task-code-01.en.md","",""
"content/altinn-studio/v8/guides/development/signing/runtime-delegated-signing/backend-manual/add-process-task.en.md","add-process-task.en.md","",""
"content/altinn-studio/v8/guides/development/signing/runtime-delegated-signing/backend-manual/setup-text-resources-code-01.en.md","setup-text-resources-code-01.en.md","",""
"content/altinn-studio/v8/guides/development/signing/runtime-delegated-signing/backend-manual/add-process-task-code-02.en.md","add-process-task-code-02.en.md","",""
"content/altinn-studio/v8/guides/development/signing/runtime-delegated-signing/backend-manual/setup-text-resources-code-02.en.md","setup-text-resources-code-02.en.md","",""
"content/altinn-studio/v8/guides/development/signing/runtime-delegated-signing/backend-manual/add-process-task-code-04.en.md","add-process-task-code-04.en.md","",""
"content/altinn-studio/v8/guides/development/signing/runtime-delegated-signing/backend-manual/add-process-task.nb.md","add-process-task.nb.md","",""
"content/altinn-studio/v8/guides/development/signing/runtime-delegated-signing/studio/configure-layouts.nb.md","configure-layouts.nb.md","",""
"content/altinn-studio/v8/guides/development/signing/runtime-delegated-signing/studio/setup-text-resources.nb.md","setup-text-resources.nb.md","",""
"content/altinn-studio/v8/guides/development/signing/runtime-delegated-signing/studio/communication-config.nb.md","communication-config.nb.md","",""
"content/altinn-studio/v8/guides/development/signing/runtime-delegated-signing/studio/custom-validation.en.md","custom-validation.en.md","",""
"content/altinn-studio/v8/guides/development/signing/runtime-delegated-signing/studio/signee-provider.en.md","signee-provider.en.md","",""
"content/altinn-studio/v8/guides/development/signing/runtime-delegated-signing/studio/setup-text-resources.en.md","setup-text-resources.en.md","",""
"content/altinn-studio/v8/guides/development/signing/runtime-delegated-signing/studio/communication-config.en.md","communication-config.en.md","",""
"content/altinn-studio/v8/guides/development/signing/runtime-delegated-signing/studio/configure-layouts.en.md","configure-layouts.en.md","",""
"content/altinn-studio/v8/guides/development/signing/runtime-delegated-signing/studio/signee-provider.nb.md","signee-provider.nb.md","",""
"content/altinn-studio/v8/guides/development/signing/runtime-delegated-signing/studio/custom-validation.nb.md","custom-validation.nb.md","",""
"content/altinn-studio/v8/guides/development/signing/runtime-delegated-signing/studio/add-process-task.en.md","add-process-task.en.md","",""
"content/altinn-studio/v8/guides/development/signing/runtime-delegated-signing/studio/add-process-task.nb.md","add-process-task.nb.md","",""
"content/altinn-studio/v8/guides/development/signing/runtime-delegated-signing/intro.nb.md","intro.nb.md","",""
"content/altinn-studio/v8/guides/development/signing/runtime-delegated-signing/_index.en.md","_index.en.md","",""
"content/altinn-studio/v8/guides/development/signing/runtime-delegated-signing/test.en.md","test.en.md","",""
"content/altinn-studio/v8/guides/development/signing/runtime-delegated-signing/_index.nb.md","_index.nb.md","",""
"content/altinn-studio/v8/guides/development/signing/runtime-delegated-signing/test.nb.md","test.nb.md","",""
"content/altinn-studio/v8/guides/development/signing/sensitive-data-warning.en.md","sensitive-data-warning.en.md","",""
"content/altinn-studio/v8/guides/development/signing/role-based-signing/intro.en.md","intro.en.md","",""
"content/altinn-studio/v8/guides/development/signing/role-based-signing/backend-manual/configure-layouts.nb.md","configure-layouts.nb.md","",""
"content/altinn-studio/v8/guides/development/signing/role-based-signing/backend-manual/configure-layouts.en.md","configure-layouts.en.md","",""
"content/altinn-studio/v8/guides/development/signing/role-based-signing/backend-manual/add-process-task.en.md","add-process-task.en.md","",""
"content/altinn-studio/v8/guides/development/signing/role-based-signing/backend-manual/add-process-task.nb.md","add-process-task.nb.md","",""
"content/altinn-studio/v8/guides/development/signing/role-based-signing/studio/configure-layouts.nb.md","configure-layouts.nb.md","",""
"content/altinn-studio/v8/guides/development/signing/role-based-signing/studio/configure-layouts.en.md","configure-layouts.en.md","",""
"content/altinn-studio/v8/guides/development/signing/role-based-signing/studio/add-process-task.en.md","add-process-task.en.md","",""
"content/altinn-studio/v8/guides/development/signing/role-based-signing/studio/add-process-task.nb.md","add-process-task.nb.md","",""
"content/altinn-studio/v8/guides/development/signing/role-based-signing/intro.nb.md","intro.nb.md","",""
"content/altinn-studio/v8/guides/development/signing/role-based-signing/_index.en.md","_index.en.md","",""
"content/altinn-studio/v8/guides/development/signing/role-based-signing/_index.nb.md","_index.nb.md","",""
"content/altinn-studio/v8/guides/development/signing/placeholder-manual-task.en.md","placeholder-manual-task.en.md","",""
"content/altinn-studio/v8/guides/development/signing/sensitive-data-warning.nb.md","sensitive-data-warning.nb.md","",""
"content/altinn-studio/v8/guides/development/signing/placeholder-manual-task.nb.md","placeholder-manual-task.nb.md","",""
"content/altinn-studio/v8/guides/development/signing/_index.en.md","_index.en.md","",""
"content/altinn-studio/v8/guides/development/signing/sign-and-submit/intro.en.md","intro.en.md","",""
"content/altinn-studio/v8/guides/development/signing/sign-and-submit/intro.nb.md","intro.nb.md","",""
"content/altinn-studio/v8/guides/development/signing/sign-and-submit/_index.en.md","_index.en.md","",""
"content/altinn-studio/v8/guides/development/signing/sign-and-submit/_index.nb.md","_index.nb.md","",""
"content/altinn-studio/v8/guides/development/signing/auth-requirements.nb.md","auth-requirements.nb.md","",""
"content/altinn-studio/v8/guides/development/signing/_index.nb.md","_index.nb.md","",""
"content/altinn-studio/v8/guides/development/signing/api-signing/intro.en.md","intro.en.md","",""
"content/altinn-studio/v8/guides/development/signing/api-signing/intro.nb.md","intro.nb.md","",""
"content/altinn-studio/v8/guides/development/signing/api-signing/_index.en.md","_index.en.md","",""
"content/altinn-studio/v8/guides/development/signing/api-signing/_index.nb.md","_index.nb.md","",""
"content/altinn-studio/v8/guides/development/signing/auth-requirements.en.md","auth-requirements.en.md","",""
"content/altinn-studio/v8/guides/development/copy-app/_index.en.md","_index.en.md","",""
"content/altinn-studio/v8/guides/development/copy-app/_index.nb.md","_index.nb.md","",""
"content/altinn-studio/v8/guides/development/prefill/query-params/_index.en.md","_index.en.md","",""
"content/altinn-studio/v8/guides/development/prefill/query-params/_index.nb.md","_index.nb.md","",""
"content/altinn-studio/v8/guides/development/prefill/instantiation/_index.en.md","_index.en.md","",""
"content/altinn-studio/v8/guides/development/prefill/instantiation/_index.nb.md","_index.nb.md","",""
"content/altinn-studio/v8/guides/development/prefill/config/_index.en.md","_index.en.md","",""
"content/altinn-studio/v8/guides/development/prefill/config/_index.nb.md","_index.nb.md","",""
"content/altinn-studio/v8/guides/development/prefill/_index.en.md","_index.en.md","",""
"content/altinn-studio/v8/guides/development/prefill/_index.nb.md","_index.nb.md","",""
"content/altinn-studio/v8/guides/development/prefill/custom/_index.en.md","_index.en.md","",""
"content/altinn-studio/v8/guides/development/prefill/custom/_index.nb.md","_index.nb.md","",""
"content/altinn-studio/v8/guides/development/payment/backend-manual/configure-layouts.nb.md","configure-layouts.nb.md","",""
"content/altinn-studio/v8/guides/development/payment/backend-manual/calculate-payment.en.md","calculate-payment.en.md","",""
"content/altinn-studio/v8/guides/development/payment/backend-manual/configure-secrets.en.md","configure-secrets.en.md","",""
"content/altinn-studio/v8/guides/development/payment/backend-manual/configure-layouts.en.md","configure-layouts.en.md","",""
"content/altinn-studio/v8/guides/development/payment/backend-manual/calculate-payment.nb.md","calculate-payment.nb.md","",""
"content/altinn-studio/v8/guides/development/payment/backend-manual/configure-secrets.nb.md","configure-secrets.nb.md","",""
"content/altinn-studio/v8/guides/development/payment/backend-manual/add-process-task.en.md","add-process-task.en.md","",""
"content/altinn-studio/v8/guides/development/payment/backend-manual/access-rules.en.md","access-rules.en.md","",""
"content/altinn-studio/v8/guides/development/payment/backend-manual/access-rules.nb.md","access-rules.nb.md","",""
"content/altinn-studio/v8/guides/development/payment/backend-manual/add-process-task.nb.md","add-process-task.nb.md","",""
"content/altinn-studio/v8/guides/development/payment/studio/configure-layouts.nb.md","configure-layouts.nb.md","",""
"content/altinn-studio/v8/guides/development/payment/studio/calculate-payment.en.md","calculate-payment.en.md","",""
"content/altinn-studio/v8/guides/development/payment/studio/configure-secrets.en.md","configure-secrets.en.md","",""
"content/altinn-studio/v8/guides/development/payment/studio/configure-layouts.en.md","configure-layouts.en.md","",""
"content/altinn-studio/v8/guides/development/payment/studio/calculate-payment.nb.md","calculate-payment.nb.md","",""
"content/altinn-studio/v8/guides/development/payment/studio/configure-secrets.nb.md","configure-secrets.nb.md","",""
"content/altinn-studio/v8/guides/development/payment/studio/add-process-task.en.md","add-process-task.en.md","",""
"content/altinn-studio/v8/guides/development/payment/studio/access-rules.en.md","access-rules.en.md","",""
"content/altinn-studio/v8/guides/development/payment/studio/access-rules.nb.md","access-rules.nb.md","",""
"content/altinn-studio/v8/guides/development/payment/studio/add-process-task.nb.md","add-process-task.nb.md","",""
"content/altinn-studio/v8/guides/development/payment/_index.en.md","_index.en.md","",""
"content/altinn-studio/v8/guides/development/payment/_index.nb.md","_index.nb.md","",""
"content/altinn-studio/v8/guides/development/eFormidling/_index.en.md","_index.en.md","",""
"content/altinn-studio/v8/guides/development/eFormidling/_index.nb.md","_index.nb.md","",""
"content/altinn-studio/v8/guides/development/subform/backend-manual/_index.en.md","_index.en.md","",""
"content/altinn-studio/v8/guides/development/subform/backend-manual/_index.nb.md","_index.nb.md","",""
"content/altinn-studio/v8/guides/development/subform/studio/_index.en.md","_index.en.md","",""
"content/altinn-studio/v8/guides/development/subform/studio/_index.nb.md","_index.nb.md","",""
"content/altinn-studio/v8/guides/development/subform/_index.en.md","_index.en.md","",""
"content/altinn-studio/v8/guides/development/subform/_index.nb.md","_index.nb.md","",""
"content/altinn-studio/v8/guides/development/subform/config-options/_index.en.md","_index.en.md","",""
"content/altinn-studio/v8/guides/development/subform/config-options/_index.nb.md","_index.nb.md","",""
"content/altinn-studio/v8/guides/development/basic-form/_index.en.md","_index.en.md","",""
"content/altinn-studio/v8/guides/development/basic-form/_index.nb.md","_index.nb.md","",""
"content/altinn-studio/v8/guides/development/multi-app-solution/instructions/app-a/_index.en.md","_index.en.md","",""
"content/altinn-studio/v8/guides/development/multi-app-solution/instructions/app-a/_index.nb.md","_index.nb.md","",""
"content/altinn-studio/v8/guides/development/multi-app-solution/instructions/_index.en.md","_index.en.md","",""
"content/altinn-studio/v8/guides/development/multi-app-solution/instructions/_index.nb.md","_index.nb.md","",""
"content/altinn-studio/v8/guides/development/multi-app-solution/instructions/app-b/_index.en.md","_index.en.md","",""
"content/altinn-studio/v8/guides/development/multi-app-solution/instructions/app-b/_index.nb.md","_index.nb.md","",""
"content/altinn-studio/v8/guides/development/multi-app-solution/testing/_index.en.md","_index.en.md","",""
"content/altinn-studio/v8/guides/development/multi-app-solution/testing/_index.nb.md","_index.nb.md","",""
"content/altinn-studio/v8/guides/development/multi-app-solution/_index.en.md","_index.en.md","",""
"content/altinn-studio/v8/guides/development/multi-app-solution/_index.nb.md","_index.nb.md","",""
"content/altinn-studio/v8/guides/development/undeploy/_index.en.md","_index.en.md","",""
"content/altinn-studio/v8/guides/development/undeploy/_index.nb.md","_index.nb.md","",""
"content/altinn-studio/v8/guides/development/local-dev/_index.en.md","_index.en.md","",""
"content/altinn-studio/v8/guides/development/local-dev/_index.nb.md","_index.nb.md","",""
"content/altinn-studio/v8/guides/development/_index.en.md","_index.en.md","",""
"content/altinn-studio/v8/guides/development/restricted-data/shared/ProcessTaskStartHandler.cs.md","ProcessTaskStartHandler.cs.md","",""
"content/altinn-studio/v8/guides/development/restricted-data/shared/Program.cs.md","Program.cs.md","",""
"content/altinn-studio/v8/guides/development/restricted-data/shared/Policy.xml.md","Policy.xml.md","",""
"content/altinn-studio/v8/guides/development/restricted-data/shared/style.css.md","style.css.md","",""
"content/altinn-studio/v8/guides/development/restricted-data/shared/Applicationmetadata.json.md","Applicationmetadata.json.md","",""
"content/altinn-studio/v8/guides/development/restricted-data/shared/RestrictedDataHelper.cs.md","RestrictedDataHelper.cs.md","",""
"content/altinn-studio/v8/guides/development/restricted-data/shared/DataWriteHandler.cs.md","DataWriteHandler.cs.md","",""
"content/altinn-studio/v8/guides/development/restricted-data/_index.en.md","_index.en.md","",""
"content/altinn-studio/v8/guides/development/restricted-data/_index.nb.md","_index.nb.md","",""
"content/altinn-studio/v8/guides/development/_index.nb.md","_index.nb.md","",""
"content/altinn-studio/v8/guides/development/summary2/studio/_index.en.md","_index.en.md","",""
"content/altinn-studio/v8/guides/development/summary2/studio/_index.nb.md","_index.nb.md","",""
"content/altinn-studio/v8/guides/development/summary2/_index.en.md","_index.en.md","",""
"content/altinn-studio/v8/guides/development/summary2/_index.nb.md","_index.nb.md","",""
"content/altinn-studio/v8/guides/contributing/_index.en.md","_index.en.md","",""
"content/altinn-studio/v8/guides/contributing/add-new-component/_index.en.md","_index.en.md","",""
"content/altinn-studio/v8/guides/contributing/add-new-component/_index.nb.md","_index.nb.md","",""
"content/altinn-studio/v8/guides/contributing/_index.nb.md","_index.nb.md","",""
"content/altinn-studio/v8/guides/contributing/create-new-component/_index.en.md","_index.en.md","",""
"content/altinn-studio/v8/guides/contributing/create-new-component/_index.nb.md","_index.nb.md","",""
"content/altinn-studio/v8/guides/integration/maskinporten/_index.en.md","_index.en.md","",""
"content/altinn-studio/v8/guides/integration/maskinporten/_index.nb.md","_index.nb.md","",""
"content/altinn-studio/v8/guides/integration/_index.en.md","_index.en.md","",""
"content/altinn-studio/v8/guides/integration/sbs/apis/_index.en.md","_index.en.md","",""
"content/altinn-studio/v8/guides/integration/sbs/apis/_index.nb.md","_index.nb.md","",""
"content/altinn-studio/v8/guides/integration/sbs/setup/_index.en.md","_index.en.md","",""
"content/altinn-studio/v8/guides/integration/sbs/setup/_index.nb.md","_index.nb.md","",""
"content/altinn-studio/v8/guides/integration/sbs/_index.en.md","_index.en.md","",""
"content/altinn-studio/v8/guides/integration/sbs/_index.nb.md","_index.nb.md","",""
"content/altinn-studio/v8/guides/integration/_index.nb.md","_index.nb.md","",""
"content/altinn-studio/v8/guides/integration/correspondence/_index.en.md","_index.en.md","",""
"content/altinn-studio/v8/guides/integration/correspondence/maskinporten.nb.md","maskinporten.nb.md","",""
"content/altinn-studio/v8/guides/integration/correspondence/_index.nb.md","_index.nb.md","",""
"content/altinn-studio/v8/guides/integration/correspondence/maskinporten.en.md","maskinporten.en.md","",""
"content/altinn-studio/v8/guides/altinn-2/seres-migration/_index.en.md","_index.en.md","",""
"content/altinn-studio/v8/guides/altinn-2/seres-migration/_index.nb.md","_index.nb.md","",""
"content/altinn-studio/v8/guides/altinn-2/migrate-services/_index.en.md","_index.en.md","",""
"content/altinn-studio/v8/guides/altinn-2/migrate-services/_index.nb.md","_index.nb.md","",""
"content/altinn-studio/v8/guides/altinn-2/_index.en.md","_index.en.md","",""
"content/altinn-studio/v8/guides/altinn-2/_index.nb.md","_index.nb.md","",""
"content/altinn-studio/v8/guides/altinn-2/altinn-2-datamodel/_index.en.md","_index.en.md","",""
"content/altinn-studio/v8/guides/altinn-2/altinn-2-datamodel/_index.nb.md","_index.nb.md","",""
"content/altinn-studio/v8/guides/shared/index.md","index.md","",""
"content/altinn-studio/v8/guides/shared/api/base-urls.md","base-urls.md","",""
"content/altinn-studio/v8/guides/shared/api/maskinporten-scopes.md","maskinporten-scopes.md","",""
"content/altinn-studio/v8/guides/shared/api/platform-access-token.md","platform-access-token.md","",""
"content/altinn-studio/v8/guides/shared/api/altinn-token.md","altinn-token.md","",""
"content/altinn-studio/v8/guides/_index.en.md","_index.en.md","",""
"content/altinn-studio/v8/guides/_index.nb.md","_index.nb.md","",""
"content/altinn-studio/v8/guides/administration/_index.en.md","_index.en.md","",""
"content/altinn-studio/v8/guides/administration/maintainance/dependencies/_index.en.md","_index.en.md","",""
"content/altinn-studio/v8/guides/administration/maintainance/dependencies/_index.nb.md","_index.nb.md","",""
"content/altinn-studio/v8/guides/administration/maintainance/_index.en.md","_index.en.md","",""
"content/altinn-studio/v8/guides/administration/maintainance/_index.nb.md","_index.nb.md","",""
"content/altinn-studio/v8/guides/administration/_index.nb.md","_index.nb.md","",""
"content/altinn-studio/v8/guides/administration/monitor-and-instrument/_index.en.md","_index.en.md","",""
"content/altinn-studio/v8/guides/administration/monitor-and-instrument/_index.nb.md","_index.nb.md","",""
"content/altinn-studio/v8/guides/administration/access-management/studio/_index.en.md","_index.en.md","",""
"content/altinn-studio/v8/guides/administration/access-management/studio/_index.nb.md","_index.nb.md","",""
"content/altinn-studio/v8/guides/administration/access-management/_index.en.md","_index.en.md","",""
"content/altinn-studio/v8/guides/administration/access-management/_index.nb.md","_index.nb.md","",""
"content/altinn-studio/v8/guides/administration/access-management/apps/_index.en.md","_index.en.md","",""
"content/altinn-studio/v8/guides/administration/access-management/apps/_index.nb.md","_index.nb.md","",""
"content/altinn-studio/v8/what-do-you-get/_index.en.md","_index.en.md","",""
"content/altinn-studio/v8/what-do-you-get/_index.nb.md","_index.nb.md","",""
"content/altinn-studio/v8/concepts/signing/_index.en.md","_index.en.md","",""
"content/altinn-studio/v8/concepts/signing/_index.nb.md","_index.nb.md","",""
"content/altinn-studio/v8/concepts/prefill/_index.en.md","_index.en.md","",""
"content/altinn-studio/v8/concepts/prefill/_index.nb.md","_index.nb.md","",""
"content/altinn-studio/v8/concepts/payment/_index.en.md","_index.en.md","",""
"content/altinn-studio/v8/concepts/payment/_index.nb.md","_index.nb.md","",""
"content/altinn-studio/v8/concepts/undeploy/_index.en.md","_index.en.md","",""
"content/altinn-studio/v8/concepts/undeploy/_index.nb.md","_index.nb.md","",""
"content/altinn-studio/v8/concepts/_index.en.md","_index.en.md","",""
"content/altinn-studio/v8/concepts/_index.nb.md","_index.nb.md","",""
"content/altinn-studio/v8/concepts/data-model/_index.en.md","_index.en.md","",""
"content/altinn-studio/v8/concepts/data-model/restricted-data/_index.en.md","_index.en.md","",""
"content/altinn-studio/v8/concepts/data-model/restricted-data/_index.nb.md","_index.nb.md","",""
"content/altinn-studio/v8/concepts/data-model/_index.nb.md","_index.nb.md","",""
"content/altinn-studio/v8/designer/dashboard/_index.en.md","_index.en.md","",""
"content/altinn-studio/v8/designer/dashboard/_index.nb.md","_index.nb.md","",""
"content/altinn-studio/v8/designer/build-app/prefill/_index.en.md","_index.en.md","",""
"content/altinn-studio/v8/designer/build-app/prefill/_index.nb.md","_index.nb.md","",""
"content/altinn-studio/v8/designer/build-app/_index.en.md","_index.en.md","",""
"content/altinn-studio/v8/designer/build-app/expressions/_index.en.md","_index.en.md","",""
"content/altinn-studio/v8/designer/build-app/expressions/_index.nb.md","_index.nb.md","",""
"content/altinn-studio/v8/designer/build-app/_index.nb.md","_index.nb.md","",""
"content/altinn-studio/v8/designer/build-app/app-parameters/_index.en.md","_index.en.md","",""
"content/altinn-studio/v8/designer/build-app/app-parameters/_index.nb.md","_index.nb.md","",""
"content/altinn-studio/v8/designer/build-app/text/_index.en.md","_index.en.md","",""
"content/altinn-studio/v8/designer/build-app/text/_index.nb.md","_index.nb.md","",""
"content/altinn-studio/v8/designer/build-app/define-process/_index.en.md","_index.en.md","",""
"content/altinn-studio/v8/designer/build-app/define-process/_index.nb.md","_index.nb.md","",""
"content/altinn-studio/v8/designer/build-app/ui-designer/components/index.en.md","index.en.md","",""
"content/altinn-studio/v8/designer/build-app/ui-designer/components/index.nb.md","index.nb.md","",""
"content/altinn-studio/v8/designer/build-app/ui-designer/_index.en.md","_index.en.md","",""
"content/altinn-studio/v8/designer/build-app/ui-designer/_index.nb.md","_index.nb.md","",""
"content/altinn-studio/v8/designer/build-app/api-expose/_index.en.md","_index.en.md","",""
"content/altinn-studio/v8/designer/build-app/api-expose/_index.nb.md","_index.nb.md","",""
"content/altinn-studio/v8/designer/build-app/authorization-rules/_index.en.md","_index.en.md","",""
"content/altinn-studio/v8/designer/build-app/authorization-rules/_index.nb.md","_index.nb.md","",""
"content/altinn-studio/v8/designer/build-app/data-modeling/_index.en.md","_index.en.md","",""
"content/altinn-studio/v8/designer/build-app/data-modeling/_index.nb.md","_index.nb.md","",""
"content/altinn-studio/v8/designer/_index.en.md","_index.en.md","",""
"content/altinn-studio/v8/designer/deployment/_index.en.md","_index.en.md","",""
"content/altinn-studio/v8/designer/deployment/_index.nb.md","_index.nb.md","",""
"content/altinn-studio/v8/designer/resourcemanagement/_index.en.md","_index.en.md","",""
"content/altinn-studio/v8/designer/resourcemanagement/_index.nb.md","_index.nb.md","",""
"content/altinn-studio/v8/designer/_index.nb.md","_index.nb.md","",""
"content/altinn-studio/v8/_index.nb.md","_index.nb.md","",""
"content/altinn-studio/v8/reference/configuration/settings/_index.en.md","_index.en.md","",""
"content/altinn-studio/v8/reference/configuration/settings/_index.nb.md","_index.nb.md","",""
"content/altinn-studio/v8/reference/configuration/messagebox/advanced-sync/_index.en.md","_index.en.md","",""
"content/altinn-studio/v8/reference/configuration/messagebox/advanced-sync/_index.nb.md","_index.nb.md","",""
"content/altinn-studio/v8/reference/configuration/messagebox/_index.en.md","_index.en.md","",""
"content/altinn-studio/v8/reference/configuration/messagebox/hide_instances/_index.en.md","_index.en.md","",""
"content/altinn-studio/v8/reference/configuration/messagebox/hide_instances/_index.nb.md","_index.nb.md","",""
"content/altinn-studio/v8/reference/configuration/messagebox/presentationfields/_index.en.md","_index.en.md","",""
"content/altinn-studio/v8/reference/configuration/messagebox/presentationfields/_index.nb.md","_index.nb.md","",""
"content/altinn-studio/v8/reference/configuration/messagebox/create_copy/_index.en.md","_index.en.md","",""
"content/altinn-studio/v8/reference/configuration/messagebox/create_copy/_index.nb.md","_index.nb.md","",""
"content/altinn-studio/v8/reference/configuration/messagebox/_index.nb.md","_index.nb.md","",""
"content/altinn-studio/v8/reference/configuration/secrets/_index.en.md","_index.en.md","",""
"content/altinn-studio/v8/reference/configuration/secrets/_index.nb.md","_index.nb.md","",""
"content/altinn-studio/v8/reference/configuration/eformidling/_index.en.md","_index.en.md","",""
"content/altinn-studio/v8/reference/configuration/eformidling/_index.nb.md","_index.nb.md","",""
"content/altinn-studio/v8/reference/configuration/shadowfields/_index.en.md","_index.en.md","",""
"content/altinn-studio/v8/reference/configuration/shadowfields/_index.nb.md","_index.nb.md","",""
"content/altinn-studio/v8/reference/configuration/filescan/_index.en.md","_index.en.md","",""
"content/altinn-studio/v8/reference/configuration/filescan/_index.nb.md","_index.nb.md","",""
"content/altinn-studio/v8/reference/configuration/partytype/_index.en.md","_index.en.md","",""
"content/altinn-studio/v8/reference/configuration/partytype/_index.nb.md","_index.nb.md","",""
"content/altinn-studio/v8/reference/configuration/_index.en.md","_index.en.md","",""
"content/altinn-studio/v8/reference/configuration/deployment/_index.en.md","_index.en.md","",""
"content/altinn-studio/v8/reference/configuration/deployment/_index.nb.md","_index.nb.md","",""
"content/altinn-studio/v8/reference/configuration/_index.nb.md","_index.nb.md","",""
"content/altinn-studio/v8/reference/configuration/queryparameters/_index.en.md","_index.en.md","",""
"content/altinn-studio/v8/reference/configuration/queryparameters/_index.nb.md","_index.nb.md","",""
"content/altinn-studio/v8/reference/configuration/autoSaveBehavior/_index.en.md","_index.en.md","",""
"content/altinn-studio/v8/reference/configuration/autoSaveBehavior/_index.nb.md","_index.nb.md","",""
"content/altinn-studio/v8/reference/configuration/events/_index.en.md","_index.en.md","",""
"content/altinn-studio/v8/reference/configuration/events/_index.nb.md","_index.nb.md","",""
"content/altinn-studio/v8/reference/configuration/startup/_index.en.md","_index.en.md","",""
"content/altinn-studio/v8/reference/configuration/startup/_index.nb.md","_index.nb.md","",""
"content/altinn-studio/v8/reference/configuration/authorization/json.md","json.md","",""
"content/altinn-studio/v8/reference/configuration/authorization/guidelines_authorization/_index.en.md","_index.en.md","",""
"content/altinn-studio/v8/reference/configuration/authorization/guidelines_authorization/roles_and_rights/roles_ER/_index.en.md","_index.en.md","",""
"content/altinn-studio/v8/reference/configuration/authorization/guidelines_authorization/roles_and_rights/roles_ER/_index.nb.md","_index.nb.md","",""
"content/altinn-studio/v8/reference/configuration/authorization/guidelines_authorization/roles_and_rights/roles_altinn/altinn_roles_enterprices/_index.en.md","_index.en.md","",""
"content/altinn-studio/v8/reference/configuration/authorization/guidelines_authorization/roles_and_rights/roles_altinn/altinn_roles_enterprices/_index.nb.md","_index.nb.md","",""
"content/altinn-studio/v8/reference/configuration/authorization/guidelines_authorization/roles_and_rights/roles_altinn/altinn_roles_administration/_index.en.md","_index.en.md","",""
"content/altinn-studio/v8/reference/configuration/authorization/guidelines_authorization/roles_and_rights/roles_altinn/altinn_roles_administration/_index.nb.md","_index.nb.md","",""
"content/altinn-studio/v8/reference/configuration/authorization/guidelines_authorization/roles_and_rights/roles_altinn/altinn_roles_persons/_index.en.md","_index.en.md","",""
"content/altinn-studio/v8/reference/configuration/authorization/guidelines_authorization/roles_and_rights/roles_altinn/altinn_roles_persons/_index.nb.md","_index.nb.md","",""
"content/altinn-studio/v8/reference/configuration/authorization/guidelines_authorization/roles_and_rights/roles_altinn/_index.en.md","_index.en.md","",""
"content/altinn-studio/v8/reference/configuration/authorization/guidelines_authorization/roles_and_rights/roles_altinn/_index.nb.md","_index.nb.md","",""
"content/altinn-studio/v8/reference/configuration/authorization/guidelines_authorization/roles_and_rights/roles_SKE/index.en.md","index.en.md","",""
"content/altinn-studio/v8/reference/configuration/authorization/guidelines_authorization/roles_and_rights/roles_SKE/index.nb.md","index.nb.md","",""
"content/altinn-studio/v8/reference/configuration/authorization/guidelines_authorization/roles_and_rights/_index.en.md","_index.en.md","",""
"content/altinn-studio/v8/reference/configuration/authorization/guidelines_authorization/roles_and_rights/_index.nb.md","_index.nb.md","",""
"content/altinn-studio/v8/reference/configuration/authorization/guidelines_authorization/_index.nb.md","_index.nb.md","",""
"content/altinn-studio/v8/reference/configuration/authorization/guidelines_authorization/test_authorization_application/_index.en.md","_index.en.md","",""
"content/altinn-studio/v8/reference/configuration/authorization/guidelines_authorization/test_authorization_application/_index.nb.md","_index.nb.md","",""
"content/altinn-studio/v8/reference/configuration/authorization/_index.en.md","_index.en.md","",""
"content/altinn-studio/v8/reference/configuration/authorization/rules/_index.en.md","_index.en.md","",""
"content/altinn-studio/v8/reference/configuration/authorization/rules/_index.nb.md","_index.nb.md","",""
"content/altinn-studio/v8/reference/configuration/authorization/_index.nb.md","_index.nb.md","",""
"content/altinn-studio/v8/reference/configuration/datafields/_index.en.md","_index.en.md","",""
"content/altinn-studio/v8/reference/configuration/datafields/_index.nb.md","_index.nb.md","",""
"content/altinn-studio/v8/reference/configuration/stateless/_index.en.md","_index.en.md","",""
"content/altinn-studio/v8/reference/configuration/stateless/_index.nb.md","_index.nb.md","",""
"content/altinn-studio/v8/reference/configuration/authentication/_index.en.md","_index.en.md","",""
"content/altinn-studio/v8/reference/configuration/authentication/_index.nb.md","_index.nb.md","",""
"content/altinn-studio/v8/reference/configuration/process/auto-delete/_index.en.md","_index.en.md","",""
"content/altinn-studio/v8/reference/configuration/process/auto-delete/_index.nb.md","_index.nb.md","",""
"content/altinn-studio/v8/reference/configuration/process/exclusive-gateways/_index.en.md","_index.en.md","",""
"content/altinn-studio/v8/reference/configuration/process/exclusive-gateways/_index.nb.md","_index.nb.md","",""
"content/altinn-studio/v8/reference/configuration/process/message/_index.en.md","_index.en.md","",""
"content/altinn-studio/v8/reference/configuration/process/message/_index.nb.md","_index.nb.md","",""
"content/altinn-studio/v8/reference/configuration/process/pre-post-hooks/_index.en.md","_index.en.md","",""
"content/altinn-studio/v8/reference/configuration/process/pre-post-hooks/_index.nb.md","_index.nb.md","",""
"content/altinn-studio/v8/reference/configuration/process/_index.en.md","_index.en.md","",""
"content/altinn-studio/v8/reference/configuration/process/_index.nb.md","_index.nb.md","",""
"content/altinn-studio/v8/reference/configuration/process/customize/_index.en.md","_index.en.md","",""
"content/altinn-studio/v8/reference/configuration/process/customize/_index.nb.md","_index.nb.md","",""
"content/altinn-studio/v8/reference/analysis/_index.en.md","_index.en.md","",""
"content/altinn-studio/v8/reference/analysis/rules/ALTINNAPP0500/_index.en.md","_index.en.md","",""
"content/altinn-studio/v8/reference/analysis/rules/ALTINNAPP0500/_index.nb.md","_index.nb.md","",""
"content/altinn-studio/v8/reference/analysis/_index.nb.md","_index.nb.md","",""
"content/altinn-studio/v8/reference/logic/dynamic/_index.en.md","_index.en.md","",""
"content/altinn-studio/v8/reference/logic/dynamic/_index.nb.md","_index.nb.md","",""
"content/altinn-studio/v8/reference/logic/instantiation/_index.en.md","_index.en.md","",""
"content/altinn-studio/v8/reference/logic/instantiation/_index.nb.md","_index.nb.md","",""
"content/altinn-studio/v8/reference/logic/dataprocessing/_index.en.md","_index.en.md","",""
"content/altinn-studio/v8/reference/logic/dataprocessing/_index.nb.md","_index.nb.md","",""
"content/altinn-studio/v8/reference/logic/_index.en.md","_index.en.md","",""
"content/altinn-studio/v8/reference/logic/expressions/_index.en.md","_index.en.md","",""
"content/altinn-studio/v8/reference/logic/expressions/_index.nb.md","_index.nb.md","",""
"content/altinn-studio/v8/reference/logic/generic/_index.en.md","_index.en.md","",""
"content/altinn-studio/v8/reference/logic/generic/_index.nb.md","_index.nb.md","",""
"content/altinn-studio/v8/reference/logic/_index.nb.md","_index.nb.md","",""
"content/altinn-studio/v8/reference/logic/events/subscribing/_index.en.md","_index.en.md","",""
"content/altinn-studio/v8/reference/logic/events/subscribing/_index.nb.md","_index.nb.md","",""
"content/altinn-studio/v8/reference/logic/events/_index.en.md","_index.en.md","",""
"content/altinn-studio/v8/reference/logic/events/_index.nb.md","_index.nb.md","",""
"content/altinn-studio/v8/reference/logic/notifications/sms/_index.en.md","_index.en.md","",""
"content/altinn-studio/v8/reference/logic/notifications/sms/_index.nb.md","_index.nb.md","",""
"content/altinn-studio/v8/reference/logic/notifications/_index.en.md","_index.en.md","",""
"content/altinn-studio/v8/reference/logic/notifications/_index.nb.md","_index.nb.md","",""
"content/altinn-studio/v8/reference/logic/notifications/email/_index.en.md","_index.en.md","",""
"content/altinn-studio/v8/reference/logic/notifications/email/_index.nb.md","_index.nb.md","",""
"content/altinn-studio/v8/reference/logic/services/_index.en.md","_index.en.md","",""
"content/altinn-studio/v8/reference/logic/services/_index.nb.md","_index.nb.md","",""
"content/altinn-studio/v8/reference/logic/validation/_index.en.md","_index.en.md","",""
"content/altinn-studio/v8/reference/logic/validation/files/_index.en.md","_index.en.md","",""
"content/altinn-studio/v8/reference/logic/validation/files/_index.nb.md","_index.nb.md","",""
"content/altinn-studio/v8/reference/logic/validation/_index.nb.md","_index.nb.md","",""
"content/altinn-studio/v8/reference/logic/validation/expression-validation/_index.en.md","_index.en.md","",""
"content/altinn-studio/v8/reference/logic/validation/expression-validation/_index.nb.md","_index.nb.md","",""
"content/altinn-studio/v8/reference/cli/install/_index.en.md","_index.en.md","",""
"content/altinn-studio/v8/reference/cli/install/_index.nb.md","_index.nb.md","",""
"content/altinn-studio/v8/reference/cli/_index.en.md","_index.en.md","",""
"content/altinn-studio/v8/reference/cli/_index.nb.md","_index.nb.md","",""
"content/altinn-studio/v8/reference/testing/deploy/_index.en.md","_index.en.md","",""
"content/altinn-studio/v8/reference/testing/deploy/_index.nb.md","_index.nb.md","",""
"content/altinn-studio/v8/reference/testing/local/testusers/_index.en.md","_index.en.md","",""
"content/altinn-studio/v8/reference/testing/local/testusers/_index.nb.md","_index.nb.md","",""
"content/altinn-studio/v8/reference/testing/local/apitests/org/_index.en.md","_index.en.md","",""
"content/altinn-studio/v8/reference/testing/local/apitests/org/_index.nb.md","_index.nb.md","",""
"content/altinn-studio/v8/reference/testing/local/apitests/user/_index.en.md","_index.en.md","",""
"content/altinn-studio/v8/reference/testing/local/apitests/user/_index.nb.md","_index.nb.md","",""
"content/altinn-studio/v8/reference/testing/local/apitests/_index.en.md","_index.en.md","",""
"content/altinn-studio/v8/reference/testing/local/apitests/_index.nb.md","_index.nb.md","",""
"content/altinn-studio/v8/reference/testing/local/_index.en.md","_index.en.md","",""
"content/altinn-studio/v8/reference/testing/local/_index.nb.md","_index.nb.md","",""
"content/altinn-studio/v8/reference/testing/local/debug/_index.en.md","_index.en.md","",""
"content/altinn-studio/v8/reference/testing/local/debug/_index.nb.md","_index.nb.md","",""
"content/altinn-studio/v8/reference/testing/_index.en.md","_index.en.md","",""
"content/altinn-studio/v8/reference/testing/_index.nb.md","_index.nb.md","",""
"content/altinn-studio/v8/reference/ux/footer/_index.en.md","_index.en.md","",""
"content/altinn-studio/v8/reference/ux/footer/_index.nb.md","_index.nb.md","",""
"content/altinn-studio/v8/reference/ux/pdf/_index.en.md","_index.en.md","",""
"content/altinn-studio/v8/reference/ux/pdf/_index.nb.md","_index.nb.md","",""
"content/altinn-studio/v8/reference/ux/components/FileUploadWithTag/_index.en.md","_index.en.md","",""
"content/altinn-studio/v8/reference/ux/components/FileUploadWithTag/_index.nb.md","_index.nb.md","",""
"content/altinn-studio/v8/reference/ux/components/Tabs/_index.en.md","_index.en.md","",""
"content/altinn-studio/v8/reference/ux/components/Tabs/_index.nb.md","_index.nb.md","",""
"content/altinn-studio/v8/reference/ux/components/accordionGroup/_index.en.md","_index.en.md","",""
"content/altinn-studio/v8/reference/ux/components/accordionGroup/_index.nb.md","_index.nb.md","",""
"content/altinn-studio/v8/reference/ux/components/FileUpload/_index.en.md","_index.en.md","",""
"content/altinn-studio/v8/reference/ux/components/FileUpload/_index.nb.md","_index.nb.md","",""
"content/altinn-studio/v8/reference/ux/components/dropdown/_index.en.md","_index.en.md","",""
"content/altinn-studio/v8/reference/ux/components/dropdown/_index.nb.md","_index.nb.md","",""
"content/altinn-studio/v8/reference/ux/components/SigningDocumentList/_index.en.md","_index.en.md","",""
"content/altinn-studio/v8/reference/ux/components/SigningDocumentList/_index.nb.md","_index.nb.md","",""
"content/altinn-studio/v8/reference/ux/components/Video/_index.en.md","_index.en.md","",""
"content/altinn-studio/v8/reference/ux/components/Video/_index.nb.md","_index.nb.md","",""
"content/altinn-studio/v8/reference/ux/components/ActionButton/_index.en.md","_index.en.md","",""
"content/altinn-studio/v8/reference/ux/components/ActionButton/_index.nb.md","_index.nb.md","",""
"content/altinn-studio/v8/reference/ux/components/temp/components-to-update/IFrame/_index.en.md","_index.en.md","",""
"content/altinn-studio/v8/reference/ux/components/temp/components-to-update/IFrame/_index.nb.md","_index.nb.md","",""
"content/altinn-studio/v8/reference/ux/components/temp/components-to-update/NavigationButtons/_index.en.md","_index.en.md","",""
"content/altinn-studio/v8/reference/ux/components/temp/components-to-update/NavigationButtons/_index.nb.md","_index.nb.md","",""
"content/altinn-studio/v8/reference/ux/components/temp/components-to-update/Panel/_index.en.md","_index.en.md","",""
"content/altinn-studio/v8/reference/ux/components/temp/components-to-update/Panel/_index.nb.md","_index.nb.md","",""
"content/altinn-studio/v8/reference/ux/components/temp/components-to-update/ButtonGroup/_index.en.md","_index.en.md","",""
"content/altinn-studio/v8/reference/ux/components/temp/components-to-update/ButtonGroup/_index.nb.md","_index.nb.md","",""
"content/altinn-studio/v8/reference/ux/components/temp/components-to-update/TextArea/_index.en.md","_index.en.md","",""
"content/altinn-studio/v8/reference/ux/components/temp/components-to-update/TextArea/_index.nb.md","_index.nb.md","",""
"content/altinn-studio/v8/reference/ux/components/temp/components-to-update/Link/_index.en.md","_index.en.md","",""
"content/altinn-studio/v8/reference/ux/components/temp/components-to-update/Link/_index.nb.md","_index.nb.md","",""
"content/altinn-studio/v8/reference/ux/components/temp/components-to-update/List/_index.en.md","_index.en.md","",""
"content/altinn-studio/v8/reference/ux/components/temp/components-to-update/List/_index.nb.md","_index.nb.md","",""
"content/altinn-studio/v8/reference/ux/components/temp/components-to-update/Likert/_index.en.md","_index.en.md","",""
"content/altinn-studio/v8/reference/ux/components/temp/components-to-update/Likert/_index.nb.md","_index.nb.md","",""
"content/altinn-studio/v8/reference/ux/components/temp/components-to-update/PrintButton/_index.en.md","_index.en.md","",""
"content/altinn-studio/v8/reference/ux/components/temp/components-to-update/PrintButton/_index.nb.md","_index.nb.md","",""
"content/altinn-studio/v8/reference/ux/components/temp/components-to-update/Grid/_index.en.md","_index.en.md","",""
"content/altinn-studio/v8/reference/ux/components/temp/components-to-update/Grid/_index.nb.md","_index.nb.md","",""
"content/altinn-studio/v8/reference/ux/components/iframe/index.en.md","index.en.md","",""
"content/altinn-studio/v8/reference/ux/components/iframe/index.nb.md","index.nb.md","",""
"content/altinn-studio/v8/reference/ux/components/NavigationButtons/_index.en.md","_index.en.md","",""
"content/altinn-studio/v8/reference/ux/components/NavigationButtons/_index.nb.md","_index.nb.md","",""
"content/altinn-studio/v8/reference/ux/components/AttachmentList/_index.en.md","_index.en.md","",""
"content/altinn-studio/v8/reference/ux/components/AttachmentList/_index.nb.md","_index.nb.md","",""
"content/altinn-studio/v8/reference/ux/components/panel/_index.en.md","_index.en.md","",""
"content/altinn-studio/v8/reference/ux/components/panel/_index.nb.md","_index.nb.md","",""
"content/altinn-studio/v8/reference/ux/components/Paragraph/_index.en.md","_index.en.md","",""
"content/altinn-studio/v8/reference/ux/components/Paragraph/_index.nb.md","_index.nb.md","",""
"content/altinn-studio/v8/reference/ux/components/Input/_index.en.md","_index.en.md","",""
"content/altinn-studio/v8/reference/ux/components/Input/_index.nb.md","_index.nb.md","",""
"content/altinn-studio/v8/reference/ux/components/Group/_index.en.md","_index.en.md","",""
"content/altinn-studio/v8/reference/ux/components/Group/_index.nb.md","_index.nb.md","",""
"content/altinn-studio/v8/reference/ux/components/PersonLookup/_index.en.md","_index.en.md","",""
"content/altinn-studio/v8/reference/ux/components/PersonLookup/_index.nb.md","_index.nb.md","",""
"content/altinn-studio/v8/reference/ux/components/Alert/_index.en.md","_index.en.md","",""
"content/altinn-studio/v8/reference/ux/components/Alert/_index.nb.md","_index.nb.md","",""
"content/altinn-studio/v8/reference/ux/components/accordion/_index.en.md","_index.en.md","",""
"content/altinn-studio/v8/reference/ux/components/accordion/_index.nb.md","_index.nb.md","",""
"content/altinn-studio/v8/reference/ux/components/Cards/_index.en.md","_index.en.md","",""
"content/altinn-studio/v8/reference/ux/components/Cards/_index.nb.md","_index.nb.md","",""
"content/altinn-studio/v8/reference/ux/components/Datepicker/_index.en.md","_index.en.md","",""
"content/altinn-studio/v8/reference/ux/components/Datepicker/_index.nb.md","_index.nb.md","",""
"content/altinn-studio/v8/reference/ux/components/Date/_index.en.md","_index.en.md","",""
"content/altinn-studio/v8/reference/ux/components/Date/_index.nb.md","_index.nb.md","",""
"content/altinn-studio/v8/reference/ux/components/commonDefs/_index.en.md","_index.en.md","",""
"content/altinn-studio/v8/reference/ux/components/commonDefs/_index.nb.md","_index.nb.md","",""
"content/altinn-studio/v8/reference/ux/components/OrganizationLookup/_index.en.md","_index.en.md","",""
"content/altinn-studio/v8/reference/ux/components/OrganizationLookup/_index.nb.md","_index.nb.md","",""
"content/altinn-studio/v8/reference/ux/components/Option/_index.en.md","_index.en.md","",""
"content/altinn-studio/v8/reference/ux/components/Option/_index.nb.md","_index.nb.md","",""
"content/altinn-studio/v8/reference/ux/components/InstanceInformation/_index.en.md","_index.en.md","",""
"content/altinn-studio/v8/reference/ux/components/InstanceInformation/_index.nb.md","_index.nb.md","",""
"content/altinn-studio/v8/reference/ux/components/NavigationBar/_index.en.md","_index.en.md","",""
"content/altinn-studio/v8/reference/ux/components/NavigationBar/_index.nb.md","_index.nb.md","",""
"content/altinn-studio/v8/reference/ux/components/image/_index.en.md","_index.en.md","",""
"content/altinn-studio/v8/reference/ux/components/image/_index.nb.md","_index.nb.md","",""
"content/altinn-studio/v8/reference/ux/components/Number/_index.en.md","_index.en.md","",""
"content/altinn-studio/v8/reference/ux/components/Number/_index.nb.md","_index.nb.md","",""
"content/altinn-studio/v8/reference/ux/components/Checkboxes/_index.en.md","_index.en.md","",""
"content/altinn-studio/v8/reference/ux/components/Checkboxes/_index.nb.md","_index.nb.md","",""
"content/altinn-studio/v8/reference/ux/components/customButton/_index.en.md","_index.en.md","",""
"content/altinn-studio/v8/reference/ux/components/customButton/_index.nb.md","_index.nb.md","",""
"content/altinn-studio/v8/reference/ux/components/Audio/_index.en.md","_index.en.md","",""
"content/altinn-studio/v8/reference/ux/components/Audio/_index.nb.md","_index.nb.md","",""
"content/altinn-studio/v8/reference/ux/components/Map/_index.en.md","_index.en.md","",""
"content/altinn-studio/v8/reference/ux/components/Map/_index.nb.md","_index.nb.md","",""
"content/altinn-studio/v8/reference/ux/components/_index.en.md","_index.en.md","",""
"content/altinn-studio/v8/reference/ux/components/Button/_index.en.md","_index.en.md","",""
"content/altinn-studio/v8/reference/ux/components/Button/_index.nb.md","_index.nb.md","",""
"content/altinn-studio/v8/reference/ux/components/link/_index.en.md","_index.en.md","",""
"content/altinn-studio/v8/reference/ux/components/link/_index.nb.md","_index.nb.md","",""
"content/altinn-studio/v8/reference/ux/components/multipleSelect/_index.en.md","_index.en.md","",""
"content/altinn-studio/v8/reference/ux/components/multipleSelect/_index.nb.md","_index.nb.md","",""
"content/altinn-studio/v8/reference/ux/components/Divider/_index.en.md","_index.en.md","",""
"content/altinn-studio/v8/reference/ux/components/Divider/_index.nb.md","_index.nb.md","",""
"content/altinn-studio/v8/reference/ux/components/likert/_index.en.md","_index.en.md","",""
"content/altinn-studio/v8/reference/ux/components/likert/_index.nb.md","_index.nb.md","",""
"content/altinn-studio/v8/reference/ux/components/Address/_index.en.md","_index.en.md","",""
"content/altinn-studio/v8/reference/ux/components/Address/_index.nb.md","_index.nb.md","",""
"content/altinn-studio/v8/reference/ux/components/InstantiationButton/_index.en.md","_index.en.md","",""
"content/altinn-studio/v8/reference/ux/components/InstantiationButton/_index.nb.md","_index.nb.md","",""
"content/altinn-studio/v8/reference/ux/components/listComponent/_index.en.md","_index.en.md","",""
"content/altinn-studio/v8/reference/ux/components/listComponent/_index.nb.md","_index.nb.md","",""
"content/altinn-studio/v8/reference/ux/components/radioButtons/_index.en.md","_index.en.md","",""
"content/altinn-studio/v8/reference/ux/components/radioButtons/_index.nb.md","_index.nb.md","",""
"content/altinn-studio/v8/reference/ux/components/_index.nb.md","_index.nb.md","",""
"content/altinn-studio/v8/reference/ux/components/Text/_index.en.md","_index.en.md","",""
"content/altinn-studio/v8/reference/ux/components/Text/_index.nb.md","_index.nb.md","",""
"content/altinn-studio/v8/reference/ux/components/_component-template/_index.en.md","_index.en.md","",""
"content/altinn-studio/v8/reference/ux/components/_component-template/_index.nb.md","_index.nb.md","",""
"content/altinn-studio/v8/reference/ux/components/_common-props-content/readOnly/_index.en.md","_index.en.md","",""
"content/altinn-studio/v8/reference/ux/components/_common-props-content/readOnly/_index.nb.md","_index.nb.md","",""
"content/altinn-studio/v8/reference/ux/components/_common-props-content/options/_index.en.md","_index.en.md","",""
"content/altinn-studio/v8/reference/ux/components/_common-props-content/options/_index.nb.md","_index.nb.md","",""
"content/altinn-studio/v8/reference/ux/components/_common-props-content/text-all/_index.en.md","_index.en.md","",""
"content/altinn-studio/v8/reference/ux/components/_common-props-content/text-all/_index.nb.md","_index.nb.md","",""
"content/altinn-studio/v8/reference/ux/components/_common-props-content/_TEMPLATE.md","_TEMPLATE.md","",""
"content/altinn-studio/v8/reference/ux/components/_common-props-content/autocomplete/_index.en.md","_index.en.md","",""
"content/altinn-studio/v8/reference/ux/components/_common-props-content/autocomplete/_index.nb.md","_index.nb.md","",""
"content/altinn-studio/v8/reference/ux/components/_common-props-content/hidden/_index.en.md","_index.en.md","",""
"content/altinn-studio/v8/reference/ux/components/_common-props-content/hidden/_index.nb.md","_index.nb.md","",""
"content/altinn-studio/v8/reference/ux/components/_common-props-content/layout/_index.en.md","_index.en.md","",""
"content/altinn-studio/v8/reference/ux/components/_common-props-content/layout/_index.nb.md","_index.nb.md","",""
"content/altinn-studio/v8/reference/ux/components/_common-props-content/_INSTRUCTIONS.md","_INSTRUCTIONS.md","",""
"content/altinn-studio/v8/reference/ux/components/_common-props-content/dataModelBindings/_index.en.md","_index.en.md","",""
"content/altinn-studio/v8/reference/ux/components/_common-props-content/dataModelBindings/_index.nb.md","_index.nb.md","",""
"content/altinn-studio/v8/reference/ux/components/_common-props-content/source/_index.en.md","_index.en.md","",""
"content/altinn-studio/v8/reference/ux/components/_common-props-content/source/_index.nb.md","_index.nb.md","",""
"content/altinn-studio/v8/reference/ux/components/_common-props-content/page-break/_index.en.md","_index.en.md","",""
"content/altinn-studio/v8/reference/ux/components/_common-props-content/page-break/_index.nb.md","_index.nb.md","",""
"content/altinn-studio/v8/reference/ux/components/_common-props-content/required/_index.en.md","_index.en.md","",""
"content/altinn-studio/v8/reference/ux/components/_common-props-content/required/_index.nb.md","_index.nb.md","",""
"content/altinn-studio/v8/reference/ux/components/_common-props-content/preselectedOptionsIndex/_index.en.md","_index.en.md","",""
"content/altinn-studio/v8/reference/ux/components/_common-props-content/preselectedOptionsIndex/_index.nb.md","_index.nb.md","",""
"content/altinn-studio/v8/reference/ux/components/_common-props-content/optionsId/_index.en.md","_index.en.md","",""
"content/altinn-studio/v8/reference/ux/components/_common-props-content/optionsId/_index.nb.md","_index.nb.md","",""
"content/altinn-studio/v8/reference/ux/components/_common-props-content/grid-short/_index.en.md","_index.en.md","",""
"content/altinn-studio/v8/reference/ux/components/_common-props-content/grid-short/_index.nb.md","_index.nb.md","",""
"content/altinn-studio/v8/reference/ux/components/_common-props-content/options-page/_index.en.md","_index.en.md","",""
"content/altinn-studio/v8/reference/ux/components/_common-props-content/options-page/_index.nb.md","_index.nb.md","",""
"content/altinn-studio/v8/reference/ux/components/_common-props-content/renderAsSummary/_index.en.md","_index.en.md","",""
"content/altinn-studio/v8/reference/ux/components/_common-props-content/renderAsSummary/_index.nb.md","_index.nb.md","",""
"content/altinn-studio/v8/reference/ux/components/Custom/_index.en.md","_index.en.md","",""
"content/altinn-studio/v8/reference/ux/components/Custom/_index.nb.md","_index.nb.md","",""
"content/altinn-studio/v8/reference/ux/components/SigneeList/_index.en.md","_index.en.md","",""
"content/altinn-studio/v8/reference/ux/components/SigneeList/_index.nb.md","_index.nb.md","",""
"content/altinn-studio/v8/reference/ux/components/Header/_index.en.md","_index.en.md","",""
"content/altinn-studio/v8/reference/ux/components/Header/_index.nb.md","_index.nb.md","",""
"content/altinn-studio/v8/reference/ux/components/widgets/_index.en.md","_index.en.md","",""
"content/altinn-studio/v8/reference/ux/components/widgets/_index.nb.md","_index.nb.md","",""
"content/altinn-studio/v8/reference/ux/components/Summary/_index.en.md","_index.en.md","",""
"content/altinn-studio/v8/reference/ux/components/Summary/_index.nb.md","_index.nb.md","",""
"content/altinn-studio/v8/reference/ux/components/printButton/_index.en.md","_index.en.md","",""
"content/altinn-studio/v8/reference/ux/components/printButton/_index.nb.md","_index.nb.md","",""
"content/altinn-studio/v8/reference/ux/components/Summary2/_index.en.md","_index.en.md","",""
"content/altinn-studio/v8/reference/ux/components/Summary2/_index.nb.md","_index.nb.md","",""
"content/altinn-studio/v8/reference/ux/components/SigningActions/_index.en.md","_index.en.md","",""
"content/altinn-studio/v8/reference/ux/components/SigningActions/_index.nb.md","_index.nb.md","",""
"content/altinn-studio/v8/reference/ux/components/button-group/_index.en.md","_index.en.md","",""
"content/altinn-studio/v8/reference/ux/components/button-group/_index.nb.md","_index.nb.md","",""
"content/altinn-studio/v8/reference/ux/components/grid/_index.en.md","_index.en.md","",""
"content/altinn-studio/v8/reference/ux/components/grid/_index.nb.md","_index.nb.md","",""
"content/altinn-studio/v8/reference/ux/_index.en.md","_index.en.md","",""
"content/altinn-studio/v8/reference/ux/logo/_index.en.md","_index.en.md","",""
"content/altinn-studio/v8/reference/ux/logo/_index.nb.md","_index.nb.md","",""
"content/altinn-studio/v8/reference/ux/texts/translation/_index.en.md","_index.en.md","",""
"content/altinn-studio/v8/reference/ux/texts/translation/_index.nb.md","_index.nb.md","",""
"content/altinn-studio/v8/reference/ux/texts/_index.en.md","_index.en.md","",""
"content/altinn-studio/v8/reference/ux/texts/_index.nb.md","_index.nb.md","",""
"content/altinn-studio/v8/reference/ux/styling/_index.en.md","_index.en.md","",""
"content/altinn-studio/v8/reference/ux/styling/_index.nb.md","_index.nb.md","",""
"content/altinn-studio/v8/reference/ux/fields/settings/_index.en.md","_index.en.md","",""
"content/altinn-studio/v8/reference/ux/fields/settings/_index.nb.md","_index.nb.md","",""
"content/altinn-studio/v8/reference/ux/fields/grouping/panel/_index.en.md","_index.en.md","",""
"content/altinn-studio/v8/reference/ux/fields/grouping/panel/_index.nb.md","_index.nb.md","",""
"content/altinn-studio/v8/reference/ux/fields/grouping/non-repeating/_index.en.md","_index.en.md","",""
"content/altinn-studio/v8/reference/ux/fields/grouping/non-repeating/_index.nb.md","_index.nb.md","",""
"content/altinn-studio/v8/reference/ux/fields/grouping/repeating/dynamics/_index.en.md","_index.en.md","",""
"content/altinn-studio/v8/reference/ux/fields/grouping/repeating/dynamics/_index.nb.md","_index.nb.md","",""
"content/altinn-studio/v8/reference/ux/fields/grouping/repeating/multipage/_index.en.md","_index.en.md","",""
"content/altinn-studio/v8/reference/ux/fields/grouping/repeating/multipage/_index.nb.md","_index.nb.md","",""
"content/altinn-studio/v8/reference/ux/fields/grouping/repeating/edit/_index.en.md","_index.en.md","",""
"content/altinn-studio/v8/reference/ux/fields/grouping/repeating/edit/_index.nb.md","_index.nb.md","",""
"content/altinn-studio/v8/reference/ux/fields/grouping/repeating/_index.en.md","_index.en.md","",""
"content/altinn-studio/v8/reference/ux/fields/grouping/repeating/table/_index.en.md","_index.en.md","",""
"content/altinn-studio/v8/reference/ux/fields/grouping/repeating/table/_index.nb.md","_index.nb.md","",""
"content/altinn-studio/v8/reference/ux/fields/grouping/repeating/_index.nb.md","_index.nb.md","",""
"content/altinn-studio/v8/reference/ux/fields/grouping/repeating/attachments/_index.en.md","_index.en.md","",""
"content/altinn-studio/v8/reference/ux/fields/grouping/repeating/attachments/_index.nb.md","_index.nb.md","",""
"content/altinn-studio/v8/reference/ux/fields/grouping/_index.en.md","_index.en.md","",""
"content/altinn-studio/v8/reference/ux/fields/grouping/_index.nb.md","_index.nb.md","",""
"content/altinn-studio/v8/reference/ux/fields/_index.en.md","_index.en.md","",""
"content/altinn-studio/v8/reference/ux/fields/_index.nb.md","_index.nb.md","",""
"content/altinn-studio/v8/reference/ux/_index.nb.md","_index.nb.md","",""
"content/altinn-studio/v8/reference/ux/pages/navigation/_index.en.md","_index.en.md","",""
"content/altinn-studio/v8/reference/ux/pages/navigation/_index.nb.md","_index.nb.md","",""
"content/altinn-studio/v8/reference/ux/pages/tracks/_index.en.md","_index.en.md","",""
"content/altinn-studio/v8/reference/ux/pages/tracks/_index.nb.md","_index.nb.md","",""
"content/altinn-studio/v8/reference/ux/pages/_index.en.md","_index.en.md","",""
"content/altinn-studio/v8/reference/ux/pages/_index.nb.md","_index.nb.md","",""
"content/altinn-studio/v8/reference/ux/pages/summary/_index.en.md","_index.en.md","",""
"content/altinn-studio/v8/reference/ux/pages/summary/_index.nb.md","_index.nb.md","",""
"content/altinn-studio/v8/reference/_index.en.md","_index.en.md","",""
"content/altinn-studio/v8/reference/deployment/firewall/_index.en.md","_index.en.md","",""
"content/altinn-studio/v8/reference/deployment/firewall/_index.nb.md","_index.nb.md","",""
"content/altinn-studio/v8/reference/deployment/_index.en.md","_index.en.md","",""
"content/altinn-studio/v8/reference/deployment/_index.nb.md","_index.nb.md","",""
"content/altinn-studio/v8/reference/deployment/runtime-environment/resource-allocation/_index.en.md","_index.en.md","",""
"content/altinn-studio/v8/reference/deployment/runtime-environment/resource-allocation/_index.nb.md","_index.nb.md","",""
"content/altinn-studio/v8/reference/deployment/runtime-environment/_index.en.md","_index.en.md","",""
"content/altinn-studio/v8/reference/deployment/runtime-environment/_index.nb.md","_index.nb.md","",""
"content/altinn-studio/v8/reference/deployment/runtime-environment/resource-allocation-tips/_index.en.md","_index.en.md","",""
"content/altinn-studio/v8/reference/deployment/runtime-environment/resource-allocation-tips/_index.nb.md","_index.nb.md","",""
"content/altinn-studio/v8/reference/api/auth/_index.en.md","_index.en.md","",""
"content/altinn-studio/v8/reference/api/auth/_index.nb.md","_index.nb.md","",""
"content/altinn-studio/v8/reference/api/_index.en.md","_index.en.md","",""
"content/altinn-studio/v8/reference/api/expose/_index.en.md","_index.en.md","",""
"content/altinn-studio/v8/reference/api/expose/_index.nb.md","_index.nb.md","",""
"content/altinn-studio/v8/reference/api/consume/_index.en.md","_index.en.md","",""
"content/altinn-studio/v8/reference/api/consume/_index.nb.md","_index.nb.md","",""
"content/altinn-studio/v8/reference/api/instance/_index.en.md","_index.en.md","",""
"content/altinn-studio/v8/reference/api/instance/_index.nb.md","_index.nb.md","",""
"content/altinn-studio/v8/reference/api/_index.nb.md","_index.nb.md","",""
"content/altinn-studio/v8/reference/_index.nb.md","_index.nb.md","",""
"content/altinn-studio/v8/reference/monitoring/configuration/_index.en.md","_index.en.md","",""
"content/altinn-studio/v8/reference/monitoring/configuration/_index.nb.md","_index.nb.md","",""
"content/altinn-studio/v8/reference/monitoring/references/_index.en.md","_index.en.md","",""
"content/altinn-studio/v8/reference/monitoring/references/_index.nb.md","_index.nb.md","",""
"content/altinn-studio/v8/reference/monitoring/faq/_index.en.md","_index.en.md","",""
"content/altinn-studio/v8/reference/monitoring/faq/_index.nb.md","_index.nb.md","",""
"content/altinn-studio/v8/reference/monitoring/instrumentation/_index.en.md","_index.en.md","",""
"content/altinn-studio/v8/reference/monitoring/instrumentation/_index.nb.md","_index.nb.md","",""
"content/altinn-studio/v8/reference/monitoring/_index.en.md","_index.en.md","",""
"content/altinn-studio/v8/reference/monitoring/registry/metrics/_index.en.md","_index.en.md","",""
"content/altinn-studio/v8/reference/monitoring/registry/metrics/_index.nb.md","_index.nb.md","",""
"content/altinn-studio/v8/reference/monitoring/registry/_index.en.md","_index.en.md","",""
"content/altinn-studio/v8/reference/monitoring/registry/_index.nb.md","_index.nb.md","",""
"content/altinn-studio/v8/reference/monitoring/visualisation/_index.en.md","_index.en.md","",""
"content/altinn-studio/v8/reference/monitoring/visualisation/_index.nb.md","_index.nb.md","",""
"content/altinn-studio/v8/reference/monitoring/_index.nb.md","_index.nb.md","",""
"content/altinn-studio/v8/reference/data/external-api/_index.en.md","_index.en.md","",""
"content/altinn-studio/v8/reference/data/external-api/_index.nb.md","_index.nb.md","",""
"content/altinn-studio/v8/reference/data/prefill/_index.en.md","_index.en.md","",""
"content/altinn-studio/v8/reference/data/prefill/_index.nb.md","_index.nb.md","",""
"content/altinn-studio/v8/reference/data/_index.en.md","_index.en.md","",""
"content/altinn-studio/v8/reference/data/persistence/_index.en.md","_index.en.md","",""
"content/altinn-studio/v8/reference/data/persistence/_index.nb.md","_index.nb.md","",""
"content/altinn-studio/v8/reference/data/_index.nb.md","_index.nb.md","",""
"content/altinn-studio/v8/reference/data/attachments/_index.en.md","_index.en.md","",""
"content/altinn-studio/v8/reference/data/attachments/_index.nb.md","_index.nb.md","",""
"content/altinn-studio/v8/reference/data/data-modeling/_index.en.md","_index.en.md","",""
"content/altinn-studio/v8/reference/data/data-modeling/_index.nb.md","_index.nb.md","",""
"content/altinn-studio/v8/reference/access-management/studio/_index.en.md","_index.en.md","",""
"content/altinn-studio/v8/reference/access-management/studio/_index.nb.md","_index.nb.md","",""
"content/altinn-studio/v8/reference/access-management/_index.en.md","_index.en.md","",""
"content/altinn-studio/v8/reference/access-management/_index.nb.md","_index.nb.md","",""
"content/altinn-studio/v8/reference/access-management/apps/_index.en.md","_index.en.md","",""
"content/altinn-studio/v8/reference/access-management/apps/_index.nb.md","_index.nb.md","",""
"content/altinn-studio/v8/reference/process/tasks/signing/_index.en.md","_index.en.md","",""
"content/altinn-studio/v8/reference/process/tasks/signing/_index.nb.md","_index.nb.md","",""
"content/altinn-studio/v8/reference/process/tasks/_index.en.md","_index.en.md","",""
"content/altinn-studio/v8/reference/process/tasks/_index.nb.md","_index.nb.md","",""
"content/altinn-studio/v8/reference/process/flowcontrol/_index.en.md","_index.en.md","",""
"content/altinn-studio/v8/reference/process/flowcontrol/_index.nb.md","_index.nb.md","",""
"content/altinn-studio/v8/reference/process/_index.en.md","_index.en.md","",""
"content/altinn-studio/v8/reference/process/actions/serveraction/_index.en.md","_index.en.md","",""
"content/altinn-studio/v8/reference/process/actions/serveraction/_index.nb.md","_index.nb.md","",""
"content/altinn-studio/v8/reference/process/actions/_index.en.md","_index.en.md","",""
"content/altinn-studio/v8/reference/process/actions/process-actions/_index.en.md","_index.en.md","",""
"content/altinn-studio/v8/reference/process/actions/process-actions/_index.nb.md","_index.nb.md","",""
"content/altinn-studio/v8/reference/process/actions/_index.nb.md","_index.nb.md","",""
"content/altinn-studio/v8/reference/process/_index.nb.md","_index.nb.md","",""
